{"autopublicacoes":[{"codigo":"7187911","titulo":"PUBLICA\u00c7\u00c3O DE ORDEM DO DIA - SESS\u00c3O DE 05\/05\/2025","data":"2025-05-03 16:39:11","cod_registro_info_sfinge":null,"municipio":"S\u00e3o Carlos","entidade":"C\u00e2mara de Vereadores de S\u00e3o Carlos","categoria":"Outras publica\u00e7\u00f5es","link":"https:\/\/www.diariomunicipal.sc.gov.br\/?q=id:7187911","texto":"<html xmlns=\"http:\/\/www.w3.org\/1999\/xhtml\">\n\n    <head>\n\n        <meta name=\"pdf:PDFVersion\" content=\"1.7\"\/>\n\n        <meta name=\"xmp:CreatorTool\" content=\"Microsoft&reg; Word 2019\"\/>\n\n        <meta name=\"pdf:hasXFA\" content=\"false\"\/>\n\n        <meta name=\"access_permission:modify_annotations\" content=\"true\"\/>\n\n        <meta name=\"access_permission:can_print_degraded\" content=\"true\"\/>\n\n        <meta name=\"dc:creator\" content=\"Meu Computador\"\/>\n\n        <meta name=\"dcterms:created\" content=\"2025-05-03T19:37:57Z\"\/>\n\n        <meta name=\"dcterms:modified\" content=\"2025-05-03T19:37:57Z\"\/>\n\n        <meta name=\"dc:format\" content=\"application\/pdf; version=1.7\"\/>\n\n        <meta name=\"xmpMM:DocumentID\" content=\"uuid:D1B57FB8-9552-4D41-B0C2-53B1B69C2303\"\/>\n\n        <meta name=\"pdf:docinfo:creator_tool\" content=\"Microsoft&reg; Word 2019\"\/>\n\n        <meta name=\"access_permission:fill_in_form\" content=\"true\"\/>\n\n        <meta name=\"pdf:docinfo:modified\" content=\"2025-05-03T19:37:57Z\"\/>\n\n        <meta name=\"pdf:hasCollection\" content=\"false\"\/>\n\n        <meta name=\"pdf:encrypted\" content=\"false\"\/>\n\n        <meta name=\"xmp:CreateDate\" content=\"2025-05-03T16:37:57Z\"\/>\n\n        <meta name=\"Content-Length\" content=\"164920\"\/>\n\n        <meta name=\"pdf:hasMarkedContent\" content=\"true\"\/>\n\n        <meta name=\"Content-Type\" content=\"application\/pdf\"\/>\n\n        <meta name=\"xmp:ModifyDate\" content=\"2025-05-03T16:37:57Z\"\/>\n\n        <meta name=\"pdf:docinfo:creator\" content=\"Meu Computador\"\/>\n\n        <meta name=\"dc:language\" content=\"pt\"\/>\n\n        <meta name=\"pdf:producer\" content=\"Microsoft&reg; Word 2019\"\/>\n\n        <meta name=\"access_permission:extract_for_accessibility\" content=\"true\"\/>\n\n        <meta name=\"access_permission:assemble_document\" content=\"true\"\/>\n\n        <meta name=\"xmpTPg:NPages\" content=\"2\"\/>\n\n        <meta name=\"pdf:hasXMP\" content=\"true\"\/>\n\n        <meta name=\"access_permission:extract_content\" content=\"true\"\/>\n\n        <meta name=\"access_permission:can_print\" content=\"true\"\/>\n\n        <meta name=\"X-TIKA:Parsed-By\" content=\"org.apache.tika.parser.CompositeParser\"\/>\n\n        <meta name=\"X-TIKA:Parsed-By\" content=\"org.apache.tika.parser.pdf.PDFParser\"\/>\n\n        <meta name=\"access_permission:can_modify\" content=\"true\"\/>\n\n        <meta name=\"pdf:docinfo:producer\" content=\"Microsoft&reg; Word 2019\"\/>\n\n        <meta name=\"pdf:docinfo:created\" content=\"2025-05-03T19:37:57Z\"\/>\n\n        <title>&#0;<\/title>\n\n    <\/head>\n\n    <body>\n        <body>\n            <p> <\/p>\n\n            <p>PUBLICA&Ccedil;&Atilde;O DE ORDEM DO DIA <\/p>\n\n            <p> <\/p>\n\n            <p> <\/p>\n\n            <p>13&ordf; SESS&Atilde;O ORDIN&Aacute;RIA <\/p>\n\n            <p>1&ordf; SESS&Atilde;O LEGISLATIVA <\/p>\n\n            <p>18&ordf; LEGISLATURA - 2025\/2028 <\/p>\n\n            <p>DATA: 05 de maio de 2025, 19h00min. <\/p>\n\n            <p>LOCAL: Avenida Santa Catarina, 1.010, Centro, S&atilde;o Carlos &ndash; SC <\/p>\n\n            <p> <\/p>\n\n            <p> <\/p>\n\n            <p>Em cumprimento ao art. 167 do Regimento Interno, a C&acirc;mara de Vereadores de S&atilde;o Carlos divulga a Ordem do Dia dos trabalhos legislativos, garantindo transpar&ecirc;ncia e publicidade &agrave;s mat&eacute;rias a serem deliberadas: <\/p>\n\n            <p> <\/p>\n\n            <p> <\/p>\n\n            <table>\n                <tbody>\n                    <tr>\t\n                        <td>\n                            <p>SEQU&Ecirc;NCIA <\/p>\n\n                        <\/td>\t\n                        <td>\n                            <p>PROPOSI&Ccedil;&Atilde;O <\/p>\n\n                        <\/td>\n                    <\/tr>\n\n                    <tr>\t\n                        <td>\n                            <p> <\/p>\n\n                            <p> <\/p>\n\n                            <p> <\/p>\n\n                            <p> <\/p>\n\n                            <p>1 <\/p>\n\n                            <p> <\/p>\n\n                        <\/td>\t\n                        <td>\n                            <p>Projeto de Lei Complementar do Poder Legislativo n.&ordm; 001\/2025 que &ldquo;Reajusta os vencimentos e o valor do aux&iacute;lio-alimenta&ccedil;&atilde;o dos servidores do Poder Legislativo Municipal, alterando a Lei Complementar n.&ordm; 4, de 18 de junho de 2019, e a Lei Complementar n.&ordm; 7, de 6 de julho de 2018&rdquo;. <\/p>\n\n                        <\/td>\n                    <\/tr>\n\n                    <tr>\t\n                        <td\/>\t\n                        <td>\n                            <p>Parecer favor&aacute;vel da Comiss&atilde;o de Legisla&ccedil;&atilde;o, Justi&ccedil;a e Reda&ccedil;&atilde;o de Leis e da Comiss&atilde;o de Finan&ccedil;as e Or&ccedil;amento. <\/p>\n\n                            <p>Relatores: Thiago Mezzomo e Sidney Jos&eacute; Breier. <\/p>\n\n                        <\/td>\n                    <\/tr>\n\n                    <tr>\t\n                        <td\/>\t\n                        <td>\n                            <p>1&ordf; Discuss&atilde;o\/Vota&ccedil;&atilde;o - Maioria Absoluta <\/p>\n\n                        <\/td>\n                    <\/tr>\n\n                    <tr>\t\n                        <td>\n                            <p> <\/p>\n\n                            <p> <\/p>\n\n                            <p> <\/p>\n\n                            <p> <\/p>\n\n                            <p>2 <\/p>\n\n                        <\/td>\t\n                        <td>\n                            <p>Projeto de Lei Ordin&aacute;ria n.&ordm; 008\/2025 que &ldquo;Disp&otilde;e sobre a permiss&atilde;o de uso de bem p&uacute;blico em favor do Grupo de Idosos Tia Lal&aacute;, e d&aacute; outras provid&ecirc;ncias&rdquo;. <\/p>\n\n                        <\/td>\n                    <\/tr>\n\n                    <tr>\t\n                        <td\/>\t\n                        <td>\n                            <p>Parecer favor&aacute;vel da Comiss&atilde;o de Legisla&ccedil;&atilde;o, Justi&ccedil;a e Reda&ccedil;&atilde;o de Leis. <\/p>\n\n                            <p>Relator: Carlos Augusto do Esp&iacute;rito Santo J&uacute;nior. <\/p>\n\n                        <\/td>\n                    <\/tr>\n\n                    <tr>\t\n                        <td\/>\t\n                        <td>\n                            <p>1&ordf; Discuss&atilde;o\/Vota&ccedil;&atilde;o - Maioria simples <\/p>\n\n                        <\/td>\n                    <\/tr>\n\n                    <tr>\t\n                        <td>\n                            <p> <\/p>\n\n                            <p> <\/p>\n\n                            <p> <\/p>\n\n                            <p>3 <\/p>\n\n                        <\/td>\t\n                        <td>\n                            <p>Projeto de Lei Ordin&aacute;ria do Poder Legislativo n.&ordm; 003\/2025 que &ldquo;Institui a transmiss&atilde;o ao vivo e via internet das licita&ccedil;&otilde;es da Administra&ccedil;&atilde;o Direta e Indireta do Munic&iacute;pio de S&atilde;o Carlos, e d&aacute; outras provid&ecirc;ncias&rdquo; <\/p>\n\n                        <\/td>\n                    <\/tr>\n\n                    <tr>\t\n                        <td\/>\t\n                        <td>\n                            <p>Parecer favor&aacute;vel da Comiss&atilde;o de Legisla&ccedil;&atilde;o, Justi&ccedil;a e Reda&ccedil;&atilde;o de Leis. <\/p>\n\n                            <p>Relatora: Sidirl&eacute;ia Argenta Assmann. <\/p>\n\n                        <\/td>\n                    <\/tr>\n\n                    <tr>\t\n                        <td\/>\t\n                        <td>\n                            <p>1&ordf; Discuss&atilde;o\/Vota&ccedil;&atilde;o - Maioria simples <\/p>\n\n                        <\/td>\n                    <\/tr>\n\n                    <tr>\t\n                        <td>\n                            <p> <\/p>\n\n                            <p>4 <\/p>\n\n                        <\/td>\t\n                        <td>\n                            <p>Projeto de Lei Ordin&aacute;ria do Poder Legislativo n.&ordm; 004\/2025 que &ldquo;Disp&otilde;e sobre a implanta&ccedil;&atilde;o de atividades preventivas nas escolas da rede p&uacute;blica municipal para promover a sa&uacute;de postural e prevenir disfun&ccedil;&otilde;es musculoesquel&eacute;ticas em crian&ccedil;as e adolescentes, e d&aacute; outras provid&ecirc;ncias&rdquo;. <\/p>\n\n                        <\/td>\n                    <\/tr>\n\n                    <tr>\t\n                        <td\/>\t\n                        <td>\n                            <p>Parecer favor&aacute;vel da Comiss&atilde;o de Legisla&ccedil;&atilde;o, Justi&ccedil;a e Reda&ccedil;&atilde;o de Leis e da Comiss&atilde;o de Educa&ccedil;&atilde;o, Sa&uacute;de e Assist&ecirc;ncia. <\/p>\n\n                            <p>Relatores: Sidirl&eacute;ia Argenta Assmann e Thiago Mezzomo. <\/p>\n\n                        <\/td>\n                    <\/tr>\n\n                    <tr>\t\n                        <td\/>\t\n                        <td>\n                            <p>1&ordf; Discuss&atilde;o\/Vota&ccedil;&atilde;o - Maioria simples. <\/p>\n\n                        <\/td>\n                    <\/tr>\n\n                <\/tbody>\n            <\/table>\n\n            <p\/>\n\n            <p>S&atilde;o Carlos\/SC, 03\/05\/2025.<\/p>\n\n            <p\/>\n\n        <\/body>\n        <p>   C&Acirc;MARA DE VEREADORES DE    S&Atilde;O CARLOS &ndash; SC   \nCONTORNO LESTE: UMA NECESSIDADE DE S&Atilde;O CARLOS E REGI&Atilde;O.    Pg. 2 \n  Avenida Santa Catarina, 1.010 (Pr&eacute;dio Hist&oacute;rico), Centro, S&atilde;o Carlos \/SC &ndash; CEP: 89885-000 E-mail: camara@saocarlos.sc.leg.br  Telefone: (49) 3325-4370 \n\n\n<\/p>\n\n        <p>   C&Acirc;MARA DE VEREADORES DE    S&Atilde;O CARLOS &ndash; SC   \n CONTORNO LESTE: UMA NECESSIDADE DE S&Atilde;O CARLOS E REGI&Atilde;O. \nAvenida Santa Catarina, 1.010 (Pr&eacute;dio Hist&oacute;rico), Centro, S&atilde;o Carlos \/SC &ndash; CEP: 89885-000 E-mail: camara@saocarlos.sc.leg.br  Telefone: (49) 3325-4370 \n\n\n\n\n\n\n\n\n\n\n\n<\/p>\n\n        <div class=\"page\">\n            <p\/>\n\n        <\/div>\n\n        <div class=\"page\">\n            <p\/>\n\n        <\/div>\n\n    <\/body>\n<\/html>\n","url":"https:\/\/www.diariomunicipal.sc.gov.br\/arquivosbd\/atos\/2025\/05\/1746301120_ordem_do_dia__05052025_extrato.pdf"}],"edicoes_ordinarias_exclusivas":[null]}